{"stats":{"minecraft:crafted":{"minecraft:cherry_planks":4,"minecraft:oak_planks":112,"minecraft:stone_shovel":1,"minecraft:cooked_chicken":1,"minecraft:iron_boots":1,"minecraft:iron_axe":2,"minecraft:stone_pickaxe":2,"minecraft:chest":1,"minecraft:emerald":27,"minecraft:cooked_porkchop":1,"minecraft:crafting_table":1,"minecraft:spruce_planks":512,"minecraft:iron_helmet":1,"minecraft:wooden_pickaxe":2,"minecraft:iron_sword":1,"minecraft:oak_wood":3,"minecraft:air":0,"minecraft:iron_chestplate":1,"minecraft:stick":956,"minecraft:iron_ingot":8,"minecraft:iron_pickaxe":3,"minecraft:stone_sword":3,"minecraft:iron_leggings":1},"minecraft:used":{"minecraft:stone_sword":10,"minecraft:stone_shovel":126,"minecraft:chest":1,"minecraft:shield":15,"minecraft:iron_sword":236,"minecraft:oak_door":2,"minecraft:stick":1,"minecraft:torch":20,"minecraft:dirt":161,"minecraft:jungle_planks":2,"minecraft:iron_axe":267,"minecraft:cooked_beef":26,"minecraft:cobbled_deepslate":32,"minecraft:stone_pickaxe":205,"minecraft:oak_planks":85,"minecraft:wooden_pickaxe":60,"minecraft:diamond_axe":5,"minecraft:crafting_table":4,"minecraft:white_bed":2,"minecraft:spruce_log":1,"minecraft:oak_log":1,"minecraft:oxeye_daisy":2,"minecraft:iron_pickaxe":338,"minecraft:spruce_sapling":1,"minecraft:yellow_bed":1,"minecraft:dandelion":3},"minecraft:killed_by":{"minecraft:creeper":2,"minecraft:spider":1,"minecraft:zombie":2},"minecraft:custom":{"minecraft:mob_kills":33,"minecraft:interact_with_crafting_table":34,"minecraft:leave_game":11,"minecraft:time_since_death":74389,"minecraft:climb_one_cm":1142,"minecraft:sprint_one_cm":224408,"minecraft:walk_one_cm":829034,"minecraft:damage_blocked_by_shield":328,"minecraft:drop":184,"minecraft:talked_to_villager":8,"minecraft:play_time":320735,"minecraft:sneak_time":1006,"minecraft:deaths":9,"minecraft:walk_under_water_one_cm":10116,"minecraft:boat_one_cm":147082,"minecraft:jump":2183,"minecraft:walk_on_water_one_cm":12957,"minecraft:total_world_time":320735,"minecraft:interact_with_furnace":8,"minecraft:traded_with_villager":27,"minecraft:sleep_in_bed":6,"minecraft:time_since_rest":36288,"minecraft:damage_taken":4736,"minecraft:damage_dealt":5379,"minecraft:swim_one_cm":4431,"minecraft:fly_one_cm":131194,"minecraft:open_chest":38,"minecraft:crouch_one_cm":1161,"minecraft:fall_one_cm":51780},"minecraft:killed":{"minecraft:spider":2,"minecraft:skeleton":4,"minecraft:chicken":3,"minecraft:cat":1,"minecraft:wolf":1,"minecraft:pig":3,"minecraft:squid":1,"minecraft:sheep":4,"minecraft:zombie":6,"minecraft:cow":6},"minecraft:picked_up":{"minecraft:cocoa_beans":9,"minecraft:crafting_table":4,"minecraft:chicken":2,"minecraft:oak_stairs":6,"minecraft:shield":2,"minecraft:cornflower":1,"minecraft:oak_trapdoor":1,"minecraft:string":1,"minecraft:raw_copper":22,"minecraft:iron_axe":1,"minecraft:diamond_leggings":1,"minecraft:cobbled_deepslate":220,"minecraft:spruce_planks":2,"minecraft:beef":10,"minecraft:poppy":2,"minecraft:iron_pickaxe":1,"minecraft:light_gray_wool":2,"minecraft:melon_slice":3,"minecraft:sugar_cane":9,"minecraft:furnace":1,"minecraft:egg":1,"minecraft:stick":68,"minecraft:raw_iron":37,"pizzacraft:pineapple_seeds":1,"minecraft:oak_door":4,"minecraft:torch":28,"minecraft:porkchop":3,"minecraft:cherry_log":31,"minecraft:diorite":4,"minecraft:redstone":36,"minecraft:diamond_chestplate":1,"minecraft:stone_sword":2,"minecraft:arrow":4,"minecraft:rotten_flesh":12,"minecraft:diamond_boots":1,"minecraft:hay_block":7,"minecraft:mutton":7,"minecraft:white_wool":30,"minecraft:cobblestone":60,"minecraft:oxeye_daisy":2,"minecraft:stripped_oak_log":20,"minecraft:feather":4,"minecraft:andesite":12,"minecraft:leather":6,"minecraft:tuff":24,"minecraft:oak_log":33,"minecraft:yellow_bed":1,"minecraft:lapis_lazuli":43,"minecraft:dirt":233,"minecraft:bone":2,"minecraft:bow":1,"minecraft:wheat_seeds":9,"minecraft:bell":1,"minecraft:raw_gold":2,"minecraft:iron_ingot":47,"pizzacraft:tomato":1,"minecraft:stone_pickaxe":1,"minecraft:diamond_helmet":1,"minecraft:bamboo":32,"minecraft:iron_sword":2,"minecraft:oak_planks":56,"minecraft:pumpkin":5,"minecraft:dandelion":19,"minecraft:gravel":5,"minecraft:jungle_planks":2,"minecraft:spruce_sapling":5,"minecraft:ink_sac":1,"minecraft:white_bed":3,"minecraft:spruce_log":308,"chisel:chisel":1,"minecraft:diamond":2,"minecraft:iron_helmet":1,"minecraft:granite":2,"minecraft:diamond_axe":2,"minecraft:oak_sapling":1,"minecraft:coal":4},"minecraft:mined":{"minecraft:tuff":24,"minecraft:white_bed":3,"minecraft:mossy_cobblestone":1,"minecraft:deepslate_diamond_ore":2,"minecraft:oak_door":2,"minecraft:granite":3,"minecraft:budding_amethyst":3,"minecraft:grass_block":143,"minecraft:jungle_planks":2,"minecraft:spruce_leaves":1,"minecraft:oxeye_daisy":2,"minecraft:hay_block":7,"minecraft:oak_trapdoor":1,"minecraft:iron_ore":8,"minecraft:cobbled_deepslate":22,"minecraft:andesite":14,"minecraft:stripped_spruce_log":1,"minecraft:pumpkin":5,"minecraft:deepslate_lapis_ore":6,"minecraft:azure_bluet":1,"supplementaries:stick":1,"minecraft:deepslate_iron_ore":28,"minecraft:flowering_azalea_leaves":2,"minecraft:oak_stairs":6,"minecraft:stripped_oak_log":20,"minecraft:bamboo":5,"minecraft:stone":70,"minecraft:deepslate_redstone_ore":8,"minecraft:glass_pane":3,"minecraft:cherry_planks":6,"minecraft:medium_amethyst_bud":1,"minecraft:dandelion":6,"minecraft:crafting_table":3,"minecraft:cornflower":1,"minecraft:torch":1,"minecraft:calcite":1,"minecraft:poppy":2,"minecraft:melon":1,"minecraft:cobblestone":7,"minecraft:copper_ore":6,"minecraft:tall_grass":9,"minecraft:deepslate_gold_ore":1,"minecraft:oak_planks":89,"minecraft:sugar_cane":7,"minecraft:diorite":4,"minecraft:amethyst_block":19,"minecraft:white_terracotta":10,"minecraft:spruce_log":182,"minecraft:grass":85,"minecraft:oak_log":29,"minecraft:coal_ore":2,"minecraft:cocoa":3,"minecraft:gravel":5,"minecraft:dirt":26,"minecraft:oak_leaves":4,"minecraft:deepslate":221},"minecraft:broken":{"minecraft:wooden_pickaxe":1,"minecraft:stone_pickaxe":1,"minecraft:iron_axe":2,"minecraft:iron_pickaxe":1,"minecraft:stone_shovel":1},"minecraft:dropped":{"minecraft:iron_ingot":12,"minecraft:iron_sword":2,"minecraft:wheat_seeds":8,"minecraft:diamond_axe":1,"minecraft:cooked_beef":3,"minecraft:oak_log":19,"minecraft:iron_helmet":1,"minecraft:granite":2,"chisel:chisel":1,"minecraft:coal":2,"minecraft:emerald":26,"minecraft:diorite":4,"minecraft:torch":1,"minecraft:cornflower":1,"minecraft:oak_stairs":3,"minecraft:iron_pickaxe":1,"minecraft:spruce_sapling":4,"minecraft:dandelion":15,"minecraft:sugar_cane":9,"minecraft:stone_sword":4,"minecraft:cobbled_deepslate":80,"minecraft:cocoa_beans":9,"minecraft:raw_iron":30,"minecraft:chicken":1,"minecraft:oak_planks":42,"minecraft:poppy":2,"minecraft:hay_block":7,"minecraft:oak_wood":1,"minecraft:oak_sapling":1,"pizzacraft:pineapple_seeds":1,"minecraft:beef":4,"minecraft:stone_pickaxe":1,"minecraft:raw_gold":1}},"DataVersion":3465}