{"stats":{"minecraft:picked_up":{"minecraft:crafting_table":2,"minecraft:azure_bluet":3,"minecraft:cornflower":6,"minecraft:deepslate_tiles":2,"minecraft:cobbled_deepslate":73,"minecraft:beef":12,"minecraft:poppy":1,"minecraft:spruce_slab":9,"minecraft:light_gray_wool":2,"minecraft:lectern":44,"minecraft:sugar_cane":18,"minecraft:furnace":1,"minecraft:stick":101,"minecraft:raw_iron":10,"minecraft:torch":3,"minecraft:cherry_log":37,"minecraft:arrow":3,"minecraft:rotten_flesh":1,"minecraft:deepslate_bricks":1,"minecraft:white_wool":40,"minecraft:cobblestone":98,"minecraft:cherry_planks":6,"minecraft:andesite":1,"minecraft:leather":6,"minecraft:flint":6,"minecraft:dirt":247,"minecraft:bone":3,"minecraft:wheat_seeds":77,"minecraft:oak_planks":165,"minecraft:dandelion":7,"minecraft:gravel":61,"minecraft:jungle_planks":11,"minecraft:stripped_spruce_log":1,"minecraft:spruce_sapling":155,"minecraft:spruce_log":1550,"minecraft:cherry_sapling":14,"minecraft:coal":118},"minecraft:mined":{"minecraft:deepslate_tiles":2,"minecraft:cherry_log":37,"minecraft:cherry_sapling":1,"minecraft:grass_block":171,"minecraft:jungle_planks":11,"minecraft:deepslate_bricks":1,"minecraft:furnace":1,"minecraft:iron_ore":10,"minecraft:cobbled_deepslate":9,"minecraft:andesite":1,"minecraft:azure_bluet":3,"minecraft:dirt_path":1,"minecraft:stone":34,"minecraft:dandelion":7,"minecraft:cornflower":4,"minecraft:crafting_table":2,"minecraft:torch":1,"minecraft:poppy":1,"minecraft:lectern":44,"minecraft:tall_grass":50,"minecraft:cobblestone":66,"minecraft:oak_planks":165,"minecraft:sugar_cane":6,"minecraft:wheat":1,"minecraft:spruce_log":97,"minecraft:grass":527,"minecraft:coal_ore":118,"minecraft:cherry_leaves":16,"minecraft:gravel":54,"minecraft:dirt":43},"minecraft:crafted":{"minecraft:cherry_planks":16,"minecraft:smooth_stone":3,"minecraft:oak_planks":256,"minecraft:blast_furnace":1,"minecraft:stone":3,"minecraft:bookshelf":2,"minecraft:diamond_helmet":2,"minecraft:diamond_leggings":2,"minecraft:polished_deepslate":392,"minecraft:iron_axe":4,"minecraft:spruce_slab":18,"minecraft:iron_hoe":1,"minecraft:chest":6,"minecraft:diamond_boots":2,"minecraft:wheat":99,"minecraft:emerald":376,"minecraft:diamond_axe":1,"minecraft:crafting_table":3,"minecraft:spruce_planks":5776,"minecraft:chainmail_chestplate":17,"minecraft:fletching_table":4,"minecraft:bucket":1,"minecraft:deepslate_tiles":392,"minecraft:enchanted_book":2,"minecraft:air":0,"minecraft:lectern":2,"minecraft:iron_chestplate":5,"minecraft:stick":12084,"minecraft:chainmail_boots":17,"minecraft:iron_ingot":7,"minecraft:iron_pickaxe":1,"minecraft:iron_shovel":1,"minecraft:iron_leggings":5,"minecraft:white_bed":13,"minecraft:torch":36,"minecraft:deepslate_bricks":392,"minecraft:shears":1,"minecraft:diamond_chestplate":2},"minecraft:broken":{"minecraft:iron_shovel":1,"minecraft:iron_axe":3},"minecraft:killed":{"minecraft:skeleton":4,"minecraft:zombie":3,"minecraft:cow":6},"minecraft:custom":{"minecraft:mob_kills":14,"minecraft:interact_with_crafting_table":24,"minecraft:leave_game":3,"minecraft:time_since_death":119999,"minecraft:climb_one_cm":185,"minecraft:sprint_one_cm":393366,"minecraft:walk_one_cm":249063,"minecraft:damage_blocked_by_shield":195,"minecraft:drop":20,"minecraft:talked_to_villager":110,"minecraft:play_time":119999,"minecraft:sneak_time":11912,"minecraft:walk_under_water_one_cm":4135,"minecraft:jump":2272,"minecraft:interact_with_blast_furnace":6,"minecraft:walk_on_water_one_cm":2012,"minecraft:total_world_time":119999,"minecraft:interact_with_furnace":20,"minecraft:traded_with_villager":432,"minecraft:sleep_in_bed":7,"minecraft:time_since_rest":4537,"minecraft:damage_taken":1061,"minecraft:damage_dealt":2237,"minecraft:swim_one_cm":10801,"minecraft:fly_one_cm":534819,"minecraft:open_chest":65,"minecraft:crouch_one_cm":51403,"minecraft:fall_one_cm":60688},"minecraft:dropped":{"minecraft:cherry_log":31,"minecraft:diamond_leggings":1,"minecraft:grass_block":1,"minecraft:stick":27,"minecraft:dirt":1,"minecraft:cornflower":2,"minecraft:diamond_helmet":1,"minecraft:iron_axe":1,"minecraft:spruce_sapling":5,"minecraft:gravel":13,"minecraft:wheat":99,"minecraft:rotten_flesh":1,"minecraft:diamond_chestplate":1,"minecraft:spruce_planks":2,"minecraft:diamond_boots":1,"minecraft:spruce_slab":18},"minecraft:used":{"minecraft:cherry_sapling":16,"minecraft:iron_shovel":254,"minecraft:spruce_planks":4,"minecraft:chest":6,"minecraft:shield":3,"minecraft:iron_sword":45,"minecraft:iron_chestplate":1,"minecraft:torch":35,"minecraft:dirt":78,"minecraft:stripped_spruce_log":1,"minecraft:iron_hoe":75,"minecraft:glass":12,"minecraft:iron_axe":350,"minecraft:grass_block":5,"minecraft:iron_helmet":1,"minecraft:iron_boots":1,"minecraft:smooth_basalt":5,"minecraft:cooked_beef":22,"minecraft:cherry_log":1,"minecraft:iron_leggings":1,"minecraft:wheat_seeds":20,"minecraft:water_bucket":1,"minecraft:spruce_door":2,"minecraft:oak_planks":49,"minecraft:cherry_planks":6,"minecraft:fletching_table":4,"minecraft:diamond_axe":22,"minecraft:sugar_cane":18,"minecraft:deepslate_bricks":1,"minecraft:crafting_table":3,"minecraft:blast_furnace":1,"minecraft:white_bed":13,"minecraft:spruce_log":10,"minecraft:deepslate_tiles":394,"minecraft:oak_log":15,"minecraft:cornflower":2,"minecraft:iron_pickaxe":243,"minecraft:lectern":47,"minecraft:spruce_sapling":132,"minecraft:gravel":35,"minecraft:cobblestone":43,"minecraft:bucket":1,"minecraft:stripped_oak_log":1}},"DataVersion":3465}