{"stats":{"minecraft:mined":{"minecraft:deepslate_tiles":2,"minecraft:white_bed":1,"minecraft:deepslate_diamond_ore":3,"minecraft:cherry_log":37,"minecraft:cherry_sapling":1,"minecraft:obsidian":10,"minecraft:grass_block":180,"minecraft:jungle_planks":11,"minecraft:deepslate_bricks":1,"minecraft:hay_block":24,"minecraft:spruce_sapling":1,"minecraft:furnace":1,"minecraft:iron_ore":10,"minecraft:cobbled_deepslate":10,"minecraft:andesite":5,"easy_villagers:breeder":1,"minecraft:azure_bluet":3,"minecraft:bookshelf":3,"minecraft:dirt_path":1,"minecraft:stone":70,"minecraft:podzol":3,"minecraft:dandelion":7,"minecraft:cornflower":4,"minecraft:crafting_table":2,"minecraft:torch":1,"minecraft:poppy":1,"minecraft:lectern":44,"minecraft:tall_grass":51,"minecraft:cobblestone":68,"minecraft:sugar_cane":6,"minecraft:oak_planks":170,"minecraft:wheat":20,"minecraft:spruce_log":98,"minecraft:grass":550,"minecraft:coal_ore":120,"minecraft:cherry_leaves":16,"minecraft:gravel":83,"minecraft:sand":69,"minecraft:dirt":45,"minecraft:deepslate":92},"minecraft:custom":{"minecraft:interact_with_anvil":1,"minecraft:mob_kills":19,"minecraft:interact_with_crafting_table":54,"minecraft:leave_game":8,"minecraft:time_since_death":237492,"minecraft:climb_one_cm":185,"minecraft:sprint_one_cm":579363,"minecraft:walk_one_cm":431065,"minecraft:damage_blocked_by_shield":579,"minecraft:drop":30,"minecraft:talked_to_villager":169,"minecraft:play_time":237492,"minecraft:sneak_time":15158,"minecraft:walk_under_water_one_cm":10442,"minecraft:jump":3876,"minecraft:interact_with_blast_furnace":6,"minecraft:walk_on_water_one_cm":11644,"minecraft:total_world_time":237492,"minecraft:interact_with_furnace":44,"minecraft:traded_with_villager":661,"minecraft:sleep_in_bed":12,"minecraft:time_since_rest":29041,"minecraft:damage_taken":1750,"minecraft:damage_dealt":3484,"minecraft:swim_one_cm":64765,"minecraft:fly_one_cm":1101130,"minecraft:open_chest":190,"minecraft:crouch_one_cm":55054,"minecraft:fall_one_cm":112217},"minecraft:picked_up":{"minecraft:crafting_table":2,"minecraft:wheat":19,"minecraft:azure_bluet":3,"easy_villagers:breeder":1,"minecraft:cornflower":6,"minecraft:deepslate_tiles":2,"minecraft:cobbled_deepslate":164,"minecraft:spruce_planks":42,"minecraft:beef":12,"minecraft:poppy":1,"minecraft:spruce_slab":9,"minecraft:light_gray_wool":2,"minecraft:lectern":44,"minecraft:sugar_cane":18,"minecraft:furnace":1,"minecraft:stick":133,"minecraft:raw_iron":10,"minecraft:torch":4,"minecraft:cherry_log":37,"minecraft:arrow":3,"minecraft:rotten_flesh":4,"minecraft:deepslate_bricks":1,"minecraft:hay_block":24,"supplementaries:ash":1,"minecraft:obsidian":10,"minecraft:white_wool":40,"minecraft:cobblestone":133,"minecraft:cherry_planks":6,"minecraft:andesite":5,"minecraft:leather":6,"minecraft:flint":7,"minecraft:dirt":259,"minecraft:bone":3,"minecraft:wheat_seeds":138,"minecraft:oak_planks":170,"minecraft:book":9,"minecraft:cooked_porkchop":1,"minecraft:dandelion":7,"minecraft:gravel":104,"minecraft:sand":68,"minecraft:jungle_planks":11,"minecraft:stripped_spruce_log":1,"minecraft:spruce_sapling":180,"minecraft:white_bed":1,"minecraft:spruce_log":1965,"chisel:chisel":2,"minecraft:diamond":3,"minecraft:cherry_sapling":14,"minecraft:emerald":26,"minecraft:coal":120},"minecraft:crafted":{"minecraft:cherry_planks":16,"minecraft:smooth_stone":3,"minecraft:oak_planks":268,"minecraft:blast_furnace":1,"minecraft:stone":14,"easy_villagers:incubator":1,"easy_villagers:iron_farm":1,"minecraft:bookshelf":9,"minecraft:glass_pane":32,"minecraft:flint_and_steel":1,"minecraft:glass":27,"minecraft:diamond_helmet":2,"minecraft:diamond_leggings":2,"minecraft:polished_deepslate":392,"minecraft:iron_axe":5,"minecraft:iron_hoe":2,"minecraft:spruce_slab":36,"minecraft:chest":6,"minecraft:diamond_boots":2,"minecraft:wheat":315,"chisel:chisel":2,"minecraft:emerald":598,"minecraft:diamond_axe":1,"minecraft:crafting_table":4,"minecraft:spruce_planks":8084,"minecraft:chainmail_chestplate":17,"minecraft:fletching_table":4,"minecraft:bucket":1,"minecraft:deepslate_tiles":392,"minecraft:enchanted_book":5,"minecraft:bread":69,"minecraft:air":0,"minecraft:lectern":6,"minecraft:iron_chestplate":5,"minecraft:diamond_pickaxe":1,"minecraft:stick":16744,"minecraft:chainmail_boots":17,"minecraft:iron_ingot":17,"minecraft:iron_pickaxe":1,"minecraft:iron_block":3,"easy_villagers:breeder":1,"minecraft:iron_shovel":2,"minecraft:iron_leggings":5,"minecraft:anvil":1,"minecraft:white_bed":13,"minecraft:torch":36,"minecraft:deepslate_bricks":392,"easy_villagers:converter":1,"minecraft:shears":1,"minecraft:diamond_chestplate":2},"minecraft:broken":{"minecraft:iron_shovel":1,"minecraft:iron_axe":3},"minecraft:used":{"minecraft:cherry_sapling":16,"minecraft:iron_shovel":343,"minecraft:flint_and_steel":1,"easy_villagers:breeder":2,"minecraft:spruce_slab":1,"minecraft:chest":6,"minecraft:spruce_planks":17,"minecraft:shield":19,"minecraft:stone":5,"minecraft:iron_sword":87,"minecraft:iron_chestplate":1,"minecraft:torch":37,"minecraft:dirt":128,"minecraft:anvil":1,"easy_villagers:converter":1,"minecraft:obsidian":10,"minecraft:stripped_spruce_log":1,"minecraft:glass":12,"minecraft:iron_hoe":99,"minecraft:bookshelf":3,"minecraft:grass_block":5,"minecraft:iron_axe":359,"minecraft:iron_helmet":1,"easy_villagers:iron_farm":1,"minecraft:iron_boots":1,"minecraft:smooth_basalt":5,"easy_villagers:incubator":1,"minecraft:cooked_beef":36,"minecraft:cherry_log":1,"minecraft:iron_leggings":1,"minecraft:wheat_seeds":55,"minecraft:water_bucket":3,"minecraft:spruce_door":2,"minecraft:oak_planks":49,"minecraft:cherry_planks":6,"minecraft:fletching_table":4,"minecraft:diamond_axe":25,"minecraft:sugar_cane":18,"minecraft:deepslate_bricks":1,"minecraft:crafting_table":6,"minecraft:blast_furnace":1,"minecraft:white_bed":13,"minecraft:spruce_log":10,"minecraft:deepslate_tiles":394,"minecraft:oak_log":15,"easy_villagers:villager":18,"minecraft:diamond_pickaxe":82,"minecraft:cornflower":2,"minecraft:iron_pickaxe":314,"minecraft:lectern":51,"minecraft:spruce_sapling":133,"minecraft:gravel":46,"minecraft:cobblestone":43,"minecraft:cooked_porkchop":1,"minecraft:bucket":4,"alexsmobs:animal_dictionary":1,"minecraft:stripped_oak_log":1},"minecraft:killed":{"minecraft:spider":1,"minecraft:skeleton":5,"minecraft:creeper":1,"minecraft:zombie":5,"minecraft:cow":6},"minecraft:dropped":{"minecraft:diamond_axe":1,"minecraft:cherry_log":31,"minecraft:diamond_leggings":1,"chisel:chisel":4,"minecraft:grass_block":1,"minecraft:stick":27,"minecraft:dirt":1,"minecraft:cornflower":2,"minecraft:diamond_helmet":1,"minecraft:sand":34,"minecraft:iron_axe":1,"minecraft:spruce_sapling":5,"minecraft:gravel":28,"minecraft:wheat":99,"minecraft:rotten_flesh":1,"supplementaries:ash":1,"minecraft:diamond_chestplate":1,"minecraft:spruce_planks":2,"minecraft:spruce_slab":18,"minecraft:spruce_log":128,"minecraft:diamond_boots":1}},"DataVersion":3465}