{"stat.cakeSlicesEaten":3,"stat.chestOpened":7,"stat.leaveGame":5,"stat.killEntity.Slime":7,"stat.mineBlock.minecraft.slime":13,"stat.mineBlock.minecraft.ice":2,"stat.killEntity.Ghast":3,"stat.entityKilledBy.Witch":1,"stat.useItem.minecraft.ender_chest":1,"stat.useItem.minecraft.diamond_sword":141,"stat.useItem.minecraft.potion":2,"stat.killEntity.PigZombie":3,"stat.useItem.minecraft.bedrock":129,"stat.jump":1068,"stat.swimOneCm":3731,"stat.fallOneCm":29037,"stat.climbOneCm":756,"stat.entityKilledBy.PigZombie":1,"stat.crouchOneCm":3439,"stat.enderchestOpened":12,"stat.useItem.minecraft.dirt":2,"achievement.exploreAllBiomes":{"value":0,"progress":["Plains"]},"stat.damageTaken":35320,"stat.useItem.minecraft.furnace":8,"stat.useItem.minecraft.slime":9,"stat.useItem.minecraft.anvil":6,"stat.flyOneCm":842566,"stat.useItem.minecraft.ender_pearl":6,"stat.entityKilledBy.Zombie":3,"stat.useItem.minecraft.enchanting_table":2,"stat.damageDealt":42695,"stat.timeSinceDeath":2285,"stat.useItem.minecraft.crafting_table":4,"stat.mineBlock.minecraft.dirt":1,"stat.useItem.minecraft.spawn_egg":4,"stat.walkOneCm":416494,"stat.playerKills":25,"stat.useItem.minecraft.tnt":3,"stat.furnaceInteraction":1,"stat.killEntity.Wolf":1,"stat.minecartOneCm":359,"stat.killEntity.Creeper":2,"stat.talkedToVillager":2,"stat.entityKilledBy.Skeleton":1,"stat.mineBlock.minecraft.wool":1,"stat.sprintOneCm":216114,"stat.killEntity.Skeleton":4,"stat.mineBlock.minecraft.tnt":5,"achievement.openInventory":129,"stat.killEntity.Spider":1,"stat.killEntity.Endermite":1,"stat.mobKills":39,"stat.useItem.minecraft.golden_apple":2,"stat.deaths":45,"stat.useItem.minecraft.spruce_door":1,"stat.drop":36,"stat.playOneMinute":77476,"stat.entityKilledBy.Slime":2,"stat.killEntity.Zombie":7,"stat.useItem.minecraft.fishing_rod":11,"stat.useItem.minecraft.sandstone":51}