{"stat.chestOpened":12,"stat.beaconInteraction":1,"stat.useItem.minecraft.bow":7,"stat.leaveGame":4,"stat.killEntity.Slime":19,"stat.mineBlock.minecraft.slime":1,"stat.mineBlock.minecraft.ice":1,"stat.killEntity.Blaze":2,"stat.useItem.minecraft.carpet":10,"stat.useItem.minecraft.potion":3,"stat.mineBlock.minecraft.sandstone":202,"stat.jump":888,"stat.swimOneCm":6117,"stat.fallOneCm":54342,"stat.entityKilledBy.PigZombie":3,"stat.crouchOneCm":3239,"stat.enderchestOpened":2,"stat.craftItem.minecraft.diamond":603,"stat.useItem.minecraft.obsidian":23,"stat.useItem.minecraft.dirt":25,"achievement.exploreAllBiomes":{"value":0,"progress":["Plains"]},"stat.mineBlock.minecraft.iron_bars":1,"stat.damageTaken":11485,"stat.useItem.minecraft.golden_pickaxe":77,"stat.mineBlock.minecraft.carpet":8,"stat.useItem.minecraft.anvil":5,"stat.flyOneCm":324384,"stat.useItem.minecraft.ender_pearl":1,"stat.killEntity.Witch":1,"stat.entityKilledBy.Zombie":2,"stat.killEntity.MushroomCow":1,"stat.damageDealt":433405,"stat.useItem.minecraft.wool":2,"stat.timeSinceDeath":0,"stat.useItem.minecraft.iron_bars":1,"stat.walkOneCm":421252,"stat.trappedChestTriggered":1,"stat.playerKills":6,"stat.useItem.minecraft.tnt":67,"stat.useItem.minecraft.cobblestone":1,"stat.useItem.minecraft.emerald_block":1,"stat.killEntity.LavaSlime":1,"stat.mineBlock.minecraft.nether_brick":1,"stat.killEntity.Creeper":1,"stat.minecartOneCm":53,"stat.talkedToVillager":6,"stat.useItem.minecraft.redstone":1,"stat.entityKilledBy.Skeleton":2,"stat.mineBlock.minecraft.wool":2,"stat.useItem.minecraft.stained_hardened_clay":21,"stat.sprintOneCm":198459,"stat.mineBlock.minecraft.tnt":14,"achievement.openInventory":153,"stat.mineBlock.minecraft.sponge":1,"stat.killEntity.Chicken":1,"stat.killEntity.Endermite":2,"stat.useItem.minecraft.wooden_pressure_plate":1,"stat.mobKills":34,"stat.craftItem.minecraft.wooden_pressure_plate":1,"stat.entityKilledBy.Creeper":1,"stat.useItem.minecraft.golden_apple":9,"stat.deaths":35,"stat.drop":18,"stat.playOneMinute":51455,"stat.useItem.minecraft.cake":12,"stat.entityKilledBy.Slime":1,"stat.killEntity.Zombie":2,"stat.diveOneCm":416,"stat.useItem.minecraft.sandstone":42}