{"stats":{"minecraft:killed_by":{"minecraft:skeleton":1,"minecraft:zombie":1},"minecraft:mined":{"minecraft:large_amethyst_bud":1,"minecraft:tuff":33,"minecraft:white_bed":8,"minecraft:deepslate_diamond_ore":4,"minecraft:grass_block":51,"minecraft:jungle_log":5,"minecraft:oxeye_daisy":3,"minecraft:hay_block":11,"minecraft:furnace":6,"minecraft:iron_ore":31,"minecraft:cobbled_deepslate":2,"minecraft:azure_bluet":2,"minecraft:bell":9,"minecraft:bookshelf":4,"minecraft:vine":1,"minecraft:deepslate_iron_ore":25,"minecraft:stone":152,"minecraft:player_head":3,"minecraft:amethyst_cluster":4,"minecraft:dandelion":14,"minecraft:cornflower":1,"minecraft:crafting_table":4,"minecraft:calcite":9,"minecraft:melon":2,"minecraft:lectern":1,"minecraft:cobblestone":3,"minecraft:tall_grass":7,"minecraft:deepslate_gold_ore":14,"minecraft:sugar_cane":10,"minecraft:diorite":13,"minecraft:amethyst_block":30,"minecraft:wall_torch":1,"minecraft:yellow_bed":13,"minecraft:grass":75,"minecraft:coal_ore":58,"minecraft:oak_log":42,"minecraft:gravel":25,"minecraft:dirt":9,"minecraft:smooth_basalt":5,"minecraft:oak_leaves":10,"minecraft:deepslate":400,"minecraft:fern":1},"minecraft:crafted":{"minecraft:oak_planks":244,"minecraft:stone_shovel":1,"minecraft:furnace":4,"minecraft:iron_boots":1,"minecraft:iron_axe":1,"minecraft:stone_pickaxe":3,"minecraft:chest":4,"minecraft:crafting_table":7,"minecraft:jungle_boat":1,"minecraft:wooden_pickaxe":1,"minecraft:iron_helmet":1,"minecraft:iron_sword":1,"minecraft:stone_axe":1,"minecraft:air":0,"minecraft:jungle_planks":20,"minecraft:iron_chestplate":1,"minecraft:shield":3,"minecraft:stick":64,"minecraft:iron_ingot":77,"minecraft:iron_pickaxe":3,"minecraft:stone_sword":1,"minecraft:iron_leggings":1,"minecraft:torch":132},"minecraft:picked_up":{"minecraft:cocoa_beans":6,"minecraft:crafting_table":3,"minecraft:azure_bluet":2,"minecraft:amethyst_block":29,"minecraft:cornflower":1,"minecraft:string":2,"minecraft:cobbled_deepslate":419,"minecraft:beef":19,"minecraft:calcite":9,"minecraft:player_head":3,"minecraft:lectern":1,"minecraft:sugar_cane":26,"minecraft:melon_slice":10,"minecraft:furnace":5,"minecraft:egg":1,"minecraft:raw_iron":85,"minecraft:oak_fence":2,"minecraft:torch":6,"minecraft:porkchop":25,"minecraft:diorite":17,"minecraft:stone_sword":1,"minecraft:arrow":14,"minecraft:rotten_flesh":8,"minecraft:hay_block":11,"minecraft:mutton":13,"minecraft:white_wool":8,"minecraft:cobblestone":170,"minecraft:oxeye_daisy":4,"minecraft:andesite":2,"minecraft:jungle_log":5,"minecraft:leather":10,"minecraft:flint":2,"minecraft:tuff":33,"minecraft:oak_log":61,"minecraft:yellow_bed":12,"minecraft:dirt":58,"minecraft:bone":6,"minecraft:wheat_seeds":10,"minecraft:raw_gold":14,"minecraft:bell":8,"minecraft:iron_ingot":4,"minecraft:stone_pickaxe":1,"minecraft:oak_planks":40,"minecraft:book":12,"minecraft:smooth_basalt":5,"minecraft:dandelion":13,"minecraft:gravel":19,"minecraft:amethyst_shard":16,"minecraft:white_bed":8,"minecraft:spider_eye":1,"minecraft:oak_wood":1,"minecraft:diamond":4,"minecraft:granite":1,"minecraft:oak_sapling":1,"minecraft:coal":58},"minecraft:killed":{"minecraft:spider":2,"minecraft:skeleton":11,"minecraft:pig":10,"minecraft:zombie_villager":1,"minecraft:bat":1,"minecraft:sheep":8,"minecraft:zombie":8,"minecraft:cow":8},"minecraft:used":{"minecraft:stone_sword":53,"minecraft:stone_shovel":37,"minecraft:chest":4,"minecraft:shield":37,"minecraft:iron_sword":88,"minecraft:bell":8,"minecraft:player_head":3,"minecraft:torch":115,"minecraft:dirt":11,"minecraft:jungle_planks":11,"minecraft:tuff":1,"minecraft:iron_axe":6,"minecraft:furnace":9,"minecraft:egg":1,"minecraft:cooked_beef":23,"minecraft:cobbled_deepslate":60,"minecraft:diorite":6,"minecraft:stone_pickaxe":281,"minecraft:oak_planks":166,"minecraft:wooden_pickaxe":25,"minecraft:jungle_boat":1,"minecraft:crafting_table":10,"minecraft:white_bed":8,"minecraft:oak_log":1,"minecraft:cornflower":1,"minecraft:iron_pickaxe":503,"minecraft:stone_axe":60,"minecraft:cobblestone":138,"minecraft:yellow_bed":12},"minecraft:broken":{"minecraft:stone_pickaxe":2,"minecraft:shield":1,"minecraft:iron_pickaxe":2},"minecraft:dropped":{"minecraft:iron_ingot":39,"minecraft:oak_fence":1,"minecraft:stick":10,"minecraft:dirt":1,"minecraft:diorite":11,"minecraft:torch":22,"minecraft:string":2,"minecraft:bone":1,"minecraft:stone_axe":1,"minecraft:player_head":1,"minecraft:stone_sword":2,"minecraft:cobbled_deepslate":15,"minecraft:stone_shovel":1,"minecraft:rotten_flesh":6,"minecraft:azure_bluet":1,"minecraft:shield":2,"minecraft:stone_pickaxe":2},"minecraft:custom":{"minecraft:mob_kills":50,"minecraft:interact_with_crafting_table":39,"minecraft:bell_ring":274,"minecraft:leave_game":4,"minecraft:time_since_death":8094,"minecraft:climb_one_cm":1957,"minecraft:sprint_one_cm":316318,"minecraft:walk_one_cm":270580,"minecraft:damage_blocked_by_shield":3091,"minecraft:drop":62,"minecraft:talked_to_villager":2,"minecraft:play_time":153059,"minecraft:deaths":5,"minecraft:sneak_time":25498,"minecraft:walk_under_water_one_cm":6789,"minecraft:boat_one_cm":139626,"minecraft:jump":2050,"minecraft:walk_on_water_one_cm":15357,"minecraft:total_world_time":153059,"minecraft:interact_with_furnace":49,"minecraft:sleep_in_bed":5,"minecraft:time_since_rest":6321,"minecraft:damage_taken":2577,"minecraft:damage_dealt":6636,"minecraft:swim_one_cm":14762,"minecraft:fly_one_cm":364684,"minecraft:open_chest":19,"minecraft:crouch_one_cm":77588,"minecraft:fall_one_cm":40589}},"DataVersion":3465}