{"stat.chestOpened":12,"stat.useItem.minecraft.bow":9,"stat.leaveGame":7,"stat.useItem.minecraft.sponge":1,"stat.killEntity.Slime":22,"stat.killEntity.Ghast":4,"stat.useItem.minecraft.skull":3,"stat.useItem.minecraft.diamond_sword":15,"stat.mineBlock.minecraft.sandstone":12,"stat.killEntity.PigZombie":1,"stat.useItem.minecraft.bedrock":1,"stat.jump":1453,"stat.swimOneCm":12180,"stat.useItem.minecraft.rabbit_stew":1,"stat.fallOneCm":104696,"stat.entityKilledBy.PigZombie":2,"stat.useItem.minecraft.dirt":9,"achievement.exploreAllBiomes":{"value":0,"progress":["Plains"]},"stat.mineBlock.minecraft.glass_pane":1,"stat.damageTaken":31604,"stat.useItem.minecraft.wooden_pickaxe":12,"stat.flyOneCm":568738,"stat.useItem.minecraft.end_portal_frame":4,"stat.entityKilledBy.Zombie":2,"stat.useItem.minecraft.stone_pickaxe":22,"stat.damageDealt":-1904878,"stat.useItem.minecraft.wool":3,"stat.timeSinceDeath":645,"stat.killEntity.Cow":1,"stat.useItem.minecraft.spawn_egg":8,"stat.walkOneCm":384164,"stat.useItem.minecraft.torch":2,"stat.playerKills":23,"stat.useItem.minecraft.tnt":16,"stat.killEntity.Wolf":10,"stat.useItem.minecraft.emerald_block":1,"stat.killEntity.Creeper":1,"stat.talkedToVillager":3,"stat.entityKilledBy.Skeleton":3,"stat.breakItem.minecraft.diamond_chestplate":1,"stat.mineBlock.minecraft.wool":5,"achievement.mineWood":2,"stat.useItem.minecraft.stained_hardened_clay":2,"stat.sprintOneCm":157664,"stat.mineBlock.minecraft.stone_slab":1,"stat.useItem.minecraft.netherrack":4,"stat.killEntity.Skeleton":10,"stat.mineBlock.minecraft.tnt":7,"achievement.openInventory":174,"stat.killEntity.Chicken":2,"stat.mineBlock.minecraft.prismarine":4,"stat.killEntity.Endermite":3,"stat.mineBlock.minecraft.glowstone":1,"stat.useItem.minecraft.ender_eye":3,"stat.mobKills":60,"stat.breakItem.minecraft.diamond_boots":1,"stat.useItem.minecraft.golden_apple":1,"stat.deaths":60,"stat.drop":67,"stat.playOneMinute":63665,"stat.killEntity.Zombie":2,"stat.diveOneCm":662,"stat.useItem.minecraft.sandstone":11}